Emp ID,Name Prefix,First Name,Middle Initial,Last Name,Gender,E Mail,Date of Birth,Date of Joining,Salary
956633,Mr.,Hal,H,Farrow,M,hal.farrow@cox.net,3/15/1967,2/25/1991,164580
629539,Dr.,Del,I,Fernandez,M,del.fernandez@hotmail.com,8/13/1991,4/7/2016,138662
784160,Dr.,Corey,A,Jackman,M,corey.jackman@gmail.com,4/12/1959,6/29/1984,57616
744723,Hon.,Bibi,H,Paddock,F,bibi.paddock@yahoo.co.in,10/20/1991,11/2/2016,87148
423093,Mr.,Eric,O,Manning,M,eric.manning@yahoo.com,11/2/1980,10/28/2002,149363
207808,Ms.,Renetta,T,Hafner,F,renetta.hafner@aol.com,1/29/1975,8/22/1998,180289
338634,Ms.,Paz,T,Pearman,F,paz.pearman@gmail.com,2/28/1960,5/25/1982,144804
338634,Ms.,Paz,T,Pearman,F,paz.pearman@gmail.com,2/28/1960,5/25/1982,144804
338634,Ms.,Paz,T,Pearman,F,paz.pearman@gmail.com,2/28/1960,5/25/1982,144804
338634,Ms.,Paz,T,Pearman,F,paz.pearman@gmail.com,2/28/1960,5/25/1982,144804
338634,Ms.,Paz,T,Pearman,F,paz.pearman@gmail.com,2/28/1960,5/25/1982,144804
338634,Ms.,Paz,T,Pearman,F,paz.pearman@gmail.com,2/28/1960,5/25/1982,144804
338634,Ms.,Paz,T,Pearman,F,paz.pearman@gmail.com,2/28/1960,5/25/1982,144804
338634,Ms.,Paz,T,Pearman,F,paz.pearman@gmail.com,2/28/1960,5/25/1982,144804
338634,Ms.,Paz,T,Pearman,F,paz.pearman@gmail.com,2/28/1960,5/25/1982,144804
338624,Ms.,Paz,T,Pearman,F,paz.pearman@gmail.com,2/28/1960,5/25/1982,144804
338544,Ms.,Paz,T,Pearman,F,paz.pearman@gmail.com,2/28/1960,5/25/1982,144804
